run,fxtools_ms,jackson_ms,gson_ms
1,51.576007,259.463611,70.910407
2,49.318442,261.296426,73.80614
3,55.672866,261.088216,74.256348
4,53.789621,260.776967,82.371117
5,50.27236,276.376396,73.3948
6,51.729226,260.837787,72.781692
7,53.780452,262.961641,82.833867
8,50.599989,255.464701,76.114424
9,52.863373,258.752382,71.985574
10,58.400309,272.828926,81.976429
